0x0;OK;System-wide code for ok.;RETURN_OK;HasReturnvaluesIF.h;HasReturnvaluesIF
0x1;Failed;Unspecified system-wide code for failed.;RETURN_FAILED;HasReturnvaluesIF.h;HasReturnvaluesIF
0x4400; HSPI_HalTimeoutRetval;;0;fsfw/hal/src/fsfw_hal/stm32h7/spi/spiDefinitions.h;HAL_SPI
0x4401; HSPI_HalBusyRetval;;1;fsfw/hal/src/fsfw_hal/stm32h7/spi/spiDefinitions.h;HAL_SPI
0x4402; HSPI_HalErrorRetval;;2;fsfw/hal/src/fsfw_hal/stm32h7/spi/spiDefinitions.h;HAL_SPI
0x4501; HURT_UartReadFailure;;1;fsfw/hal/src/fsfw_hal/linux/uart/UartComIF.h;HAL_UART
0x4502; HURT_UartReadSizeMissmatch;;2;fsfw/hal/src/fsfw_hal/linux/uart/UartComIF.h;HAL_UART
0x4503; HURT_UartRxBufferTooSmall;;3;fsfw/hal/src/fsfw_hal/linux/uart/UartComIF.h;HAL_UART
0x4701; HGIO_UnknownGpioId;;1;fsfw/hal/src/fsfw_hal/linux/gpio/LinuxLibgpioIF.h;HAL_GPIO
0x4702; HGIO_DriveGpioFailure;;2;fsfw/hal/src/fsfw_hal/linux/gpio/LinuxLibgpioIF.h;HAL_GPIO
0x4703; HGIO_GpioTypeFailure;;3;fsfw/hal/src/fsfw_hal/linux/gpio/LinuxLibgpioIF.h;HAL_GPIO
0x4704; HGIO_GpioInvalidInstance;;4;fsfw/hal/src/fsfw_hal/linux/gpio/LinuxLibgpioIF.h;HAL_GPIO
0x4705; HGIO_GpioDuplicateDetected;;5;fsfw/hal/src/fsfw_hal/linux/gpio/LinuxLibgpioIF.h;HAL_GPIO
0x4706; HGIO_GpioInitFailed;;6;fsfw/hal/src/fsfw_hal/linux/gpio/LinuxLibgpioIF.h;HAL_GPIO
0x4300; UXOS_ExecutionFinished;Execution of the current command has finished;0;fsfw/hal/src/fsfw_hal/linux/CommandExecutor.h;LINUX_OSAL
0x4301; UXOS_CommandPending;Command is pending. This will also be returned if the user tries to load another command but a command is still pending;1;fsfw/hal/src/fsfw_hal/linux/CommandExecutor.h;LINUX_OSAL
0x4302; UXOS_BytesRead;Some bytes have been read from the executing process;2;fsfw/hal/src/fsfw_hal/linux/CommandExecutor.h;LINUX_OSAL
0x4303; UXOS_CommandError;Command execution failed;3;fsfw/hal/src/fsfw_hal/linux/CommandExecutor.h;LINUX_OSAL
0x4304; UXOS_NoCommandLoadedOrPending;;4;fsfw/hal/src/fsfw_hal/linux/CommandExecutor.h;LINUX_OSAL
0x4306; UXOS_PcloseCallError;;6;fsfw/hal/src/fsfw_hal/linux/CommandExecutor.h;LINUX_OSAL
0x2b01; CCS_BcIsSetVrCommand;;0x01;fsfw/src/fsfw/datalinklayer/CCSDSReturnValuesIF.h;CCSDS_HANDLER_IF
0x2b02; CCS_BcIsUnlockCommand;;0x02;fsfw/src/fsfw/datalinklayer/CCSDSReturnValuesIF.h;CCSDS_HANDLER_IF
0x2bb0; CCS_BcIllegalCommand;;0xB0;fsfw/src/fsfw/datalinklayer/CCSDSReturnValuesIF.h;CCSDS_HANDLER_IF
0x2bb1; CCS_BoardReadingNotFinished;;0xB1;fsfw/src/fsfw/datalinklayer/CCSDSReturnValuesIF.h;CCSDS_HANDLER_IF
0x2bf0; CCS_NsPositiveW;;0xF0;fsfw/src/fsfw/datalinklayer/CCSDSReturnValuesIF.h;CCSDS_HANDLER_IF
0x2bf1; CCS_NsNegativeW;;0xF1;fsfw/src/fsfw/datalinklayer/CCSDSReturnValuesIF.h;CCSDS_HANDLER_IF
0x2bf2; CCS_NsLockout;;0xF2;fsfw/src/fsfw/datalinklayer/CCSDSReturnValuesIF.h;CCSDS_HANDLER_IF
0x2bf3; CCS_FarmInLockout;;0xF3;fsfw/src/fsfw/datalinklayer/CCSDSReturnValuesIF.h;CCSDS_HANDLER_IF
0x2bf4; CCS_FarmInWait;;0xF4;fsfw/src/fsfw/datalinklayer/CCSDSReturnValuesIF.h;CCSDS_HANDLER_IF
0x2be0; CCS_WrongSymbol;;0xE0;fsfw/src/fsfw/datalinklayer/CCSDSReturnValuesIF.h;CCSDS_HANDLER_IF
0x2be1; CCS_DoubleStart;;0xE1;fsfw/src/fsfw/datalinklayer/CCSDSReturnValuesIF.h;CCSDS_HANDLER_IF
0x2be2; CCS_StartSymbolMissed;;0xE2;fsfw/src/fsfw/datalinklayer/CCSDSReturnValuesIF.h;CCSDS_HANDLER_IF
0x2be3; CCS_EndWithoutStart;;0xE3;fsfw/src/fsfw/datalinklayer/CCSDSReturnValuesIF.h;CCSDS_HANDLER_IF
0x2be4; CCS_TooLarge;;0xE4;fsfw/src/fsfw/datalinklayer/CCSDSReturnValuesIF.h;CCSDS_HANDLER_IF
0x2be5; CCS_TooShort;;0xE5;fsfw/src/fsfw/datalinklayer/CCSDSReturnValuesIF.h;CCSDS_HANDLER_IF
0x2be6; CCS_WrongTfVersion;;0xE6;fsfw/src/fsfw/datalinklayer/CCSDSReturnValuesIF.h;CCSDS_HANDLER_IF
0x2be7; CCS_WrongSpacecraftId;;0xE7;fsfw/src/fsfw/datalinklayer/CCSDSReturnValuesIF.h;CCSDS_HANDLER_IF
0x2be8; CCS_NoValidFrameType;;0xE8;fsfw/src/fsfw/datalinklayer/CCSDSReturnValuesIF.h;CCSDS_HANDLER_IF
0x2be9; CCS_CrcFailed;;0xE9;fsfw/src/fsfw/datalinklayer/CCSDSReturnValuesIF.h;CCSDS_HANDLER_IF
0x2bea; CCS_VcNotFound;;0xEA;fsfw/src/fsfw/datalinklayer/CCSDSReturnValuesIF.h;CCSDS_HANDLER_IF
0x2beb; CCS_ForwardingFailed;;0xEB;fsfw/src/fsfw/datalinklayer/CCSDSReturnValuesIF.h;CCSDS_HANDLER_IF
0x2bec; CCS_ContentTooLarge;;0xEC;fsfw/src/fsfw/datalinklayer/CCSDSReturnValuesIF.h;CCSDS_HANDLER_IF
0x2bed; CCS_ResidualData;;0xED;fsfw/src/fsfw/datalinklayer/CCSDSReturnValuesIF.h;CCSDS_HANDLER_IF
0x2bee; CCS_DataCorrupted;;0xEE;fsfw/src/fsfw/datalinklayer/CCSDSReturnValuesIF.h;CCSDS_HANDLER_IF
0x2bef; CCS_IllegalSegmentationFlag;;0xEF;fsfw/src/fsfw/datalinklayer/CCSDSReturnValuesIF.h;CCSDS_HANDLER_IF
0x2bd0; CCS_IllegalFlagCombination;;0xD0;fsfw/src/fsfw/datalinklayer/CCSDSReturnValuesIF.h;CCSDS_HANDLER_IF
0x2bd1; CCS_ShorterThanHeader;;0xD1;fsfw/src/fsfw/datalinklayer/CCSDSReturnValuesIF.h;CCSDS_HANDLER_IF
0x2bd2; CCS_TooShortBlockedPacket;;0xD2;fsfw/src/fsfw/datalinklayer/CCSDSReturnValuesIF.h;CCSDS_HANDLER_IF
0x2bd3; CCS_TooShortMapExtraction;;0xD3;fsfw/src/fsfw/datalinklayer/CCSDSReturnValuesIF.h;CCSDS_HANDLER_IF
0x3a00; SPH_ConnBroken;;0;fsfw/src/fsfw/osal/common/TcpTmTcServer.h;SEMAPHORE_IF
0x2901; IEC_NoConfigurationTable;;0x01;fsfw/src/fsfw/osal/InternalErrorCodes.h;INTERNAL_ERROR_CODES
0x2902; IEC_NoCpuTable;;0x02;fsfw/src/fsfw/osal/InternalErrorCodes.h;INTERNAL_ERROR_CODES
0x2903; IEC_InvalidWorkspaceAddress;;0x03;fsfw/src/fsfw/osal/InternalErrorCodes.h;INTERNAL_ERROR_CODES
0x2904; IEC_TooLittleWorkspace;;0x04;fsfw/src/fsfw/osal/InternalErrorCodes.h;INTERNAL_ERROR_CODES
0x2905; IEC_WorkspaceAllocation;;0x05;fsfw/src/fsfw/osal/InternalErrorCodes.h;INTERNAL_ERROR_CODES
0x2906; IEC_InterruptStackTooSmall;;0x06;fsfw/src/fsfw/osal/InternalErrorCodes.h;INTERNAL_ERROR_CODES
0x2907; IEC_ThreadExitted;;0x07;fsfw/src/fsfw/osal/InternalErrorCodes.h;INTERNAL_ERROR_CODES
0x2908; IEC_InconsistentMpInformation;;0x08;fsfw/src/fsfw/osal/InternalErrorCodes.h;INTERNAL_ERROR_CODES
0x2909; IEC_InvalidNode;;0x09;fsfw/src/fsfw/osal/InternalErrorCodes.h;INTERNAL_ERROR_CODES
0x290a; IEC_NoMpci;;0x0a;fsfw/src/fsfw/osal/InternalErrorCodes.h;INTERNAL_ERROR_CODES
0x290b; IEC_BadPacket;;0x0b;fsfw/src/fsfw/osal/InternalErrorCodes.h;INTERNAL_ERROR_CODES
0x290c; IEC_OutOfPackets;;0x0c;fsfw/src/fsfw/osal/InternalErrorCodes.h;INTERNAL_ERROR_CODES
0x290d; IEC_OutOfGlobalObjects;;0x0d;fsfw/src/fsfw/osal/InternalErrorCodes.h;INTERNAL_ERROR_CODES
0x290e; IEC_OutOfProxies;;0x0e;fsfw/src/fsfw/osal/InternalErrorCodes.h;INTERNAL_ERROR_CODES
0x290f; IEC_InvalidGlobalId;;0x0f;fsfw/src/fsfw/osal/InternalErrorCodes.h;INTERNAL_ERROR_CODES
0x2910; IEC_BadStackHook;;0x10;fsfw/src/fsfw/osal/InternalErrorCodes.h;INTERNAL_ERROR_CODES
0x2911; IEC_BadAttributes;;0x11;fsfw/src/fsfw/osal/InternalErrorCodes.h;INTERNAL_ERROR_CODES
0x2912; IEC_ImplementationKeyCreateInconsistency;;0x12;fsfw/src/fsfw/osal/InternalErrorCodes.h;INTERNAL_ERROR_CODES
0x2913; IEC_ImplementationBlockingOperationCancel;;0x13;fsfw/src/fsfw/osal/InternalErrorCodes.h;INTERNAL_ERROR_CODES
0x2914; IEC_MutexObtainFromBadState;;0x14;fsfw/src/fsfw/osal/InternalErrorCodes.h;INTERNAL_ERROR_CODES
0x2915; IEC_UnlimitedAndMaximumIs0;;0x15;fsfw/src/fsfw/osal/InternalErrorCodes.h;INTERNAL_ERROR_CODES
0xe01; HM_InvalidMode;;0x01;fsfw/src/fsfw/modes/HasModesIF.h;HAS_MODES_IF
0xe02; HM_TransNotAllowed;;0x02;fsfw/src/fsfw/modes/HasModesIF.h;HAS_MODES_IF
0xe03; HM_InTransition;;0x03;fsfw/src/fsfw/modes/HasModesIF.h;HAS_MODES_IF
0xe04; HM_InvalidSubmode;;0x04;fsfw/src/fsfw/modes/HasModesIF.h;HAS_MODES_IF
0x2d01; HPA_InvalidIdentifierId;;0x01;fsfw/src/fsfw/parameters/HasParametersIF.h;HAS_PARAMETERS_IF
0x2d02; HPA_InvalidDomainId;;0x02;fsfw/src/fsfw/parameters/HasParametersIF.h;HAS_PARAMETERS_IF
0x2d03; HPA_InvalidValue;;0x03;fsfw/src/fsfw/parameters/HasParametersIF.h;HAS_PARAMETERS_IF
0x2d05; HPA_ReadOnly;;0x05;fsfw/src/fsfw/parameters/HasParametersIF.h;HAS_PARAMETERS_IF
0x2c01; PAW_UnknownDatatype;;0x01;fsfw/src/fsfw/parameters/ParameterWrapper.h;PARAMETER_WRAPPER
0x2c02; PAW_DatatypeMissmatch;;0x02;fsfw/src/fsfw/parameters/ParameterWrapper.h;PARAMETER_WRAPPER
0x2c03; PAW_Readonly;;0x03;fsfw/src/fsfw/parameters/ParameterWrapper.h;PARAMETER_WRAPPER
0x2c04; PAW_TooBig;;0x04;fsfw/src/fsfw/parameters/ParameterWrapper.h;PARAMETER_WRAPPER
0x2c05; PAW_SourceNotSet;;0x05;fsfw/src/fsfw/parameters/ParameterWrapper.h;PARAMETER_WRAPPER
0x2c06; PAW_OutOfBounds;;0x06;fsfw/src/fsfw/parameters/ParameterWrapper.h;PARAMETER_WRAPPER
0x2c07; PAW_NotSet;;0x07;fsfw/src/fsfw/parameters/ParameterWrapper.h;PARAMETER_WRAPPER
0x2c08; PAW_ColumnOrRowsZero;;0x08;fsfw/src/fsfw/parameters/ParameterWrapper.h;PARAMETER_WRAPPER
0x3101; CF_ObjectHasNoFunctions;;1;fsfw/src/fsfw/action/CommandsActionsIF.h;COMMANDS_ACTIONS_IF
0x3102; CF_AlreadyCommanding;;2;fsfw/src/fsfw/action/CommandsActionsIF.h;COMMANDS_ACTIONS_IF
0x3201; HF_IsBusy;;1;fsfw/src/fsfw/action/HasActionsIF.h;HAS_ACTIONS_IF
0x3202; HF_InvalidParameters;;2;fsfw/src/fsfw/action/HasActionsIF.h;HAS_ACTIONS_IF
0x3203; HF_ExecutionFinished;;3;fsfw/src/fsfw/action/HasActionsIF.h;HAS_ACTIONS_IF
0x3204; HF_InvalidActionId;;4;fsfw/src/fsfw/action/HasActionsIF.h;HAS_ACTIONS_IF
0x201; OM_InsertionFailed;;1;fsfw/src/fsfw/objectmanager/ObjectManagerIF.h;OBJECT_MANAGER_IF
0x202; OM_NotFound;;2;fsfw/src/fsfw/objectmanager/ObjectManagerIF.h;OBJECT_MANAGER_IF
0x203; OM_ChildInitFailed;;3;fsfw/src/fsfw/objectmanager/ObjectManagerIF.h;OBJECT_MANAGER_IF
0x204; OM_InternalErrReporterUninit;;4;fsfw/src/fsfw/objectmanager/ObjectManagerIF.h;OBJECT_MANAGER_IF
0x2500; FDI_YourFault;;0;fsfw/src/fsfw/fdir/ConfirmsFailuresIF.h;HANDLES_FAILURES_IF
0x2501; FDI_MyFault;;1;fsfw/src/fsfw/fdir/ConfirmsFailuresIF.h;HANDLES_FAILURES_IF
0x2502; FDI_ConfirmLater;;2;fsfw/src/fsfw/fdir/ConfirmsFailuresIF.h;HANDLES_FAILURES_IF
0x2101; TMF_Busy;;1;fsfw/src/fsfw/tmstorage/TmStoreFrontendIF.h;TM_STORE_FRONTEND_IF
0x2102; TMF_LastPacketFound;;2;fsfw/src/fsfw/tmstorage/TmStoreFrontendIF.h;TM_STORE_FRONTEND_IF
0x2103; TMF_StopFetch;;3;fsfw/src/fsfw/tmstorage/TmStoreFrontendIF.h;TM_STORE_FRONTEND_IF
0x2104; TMF_Timeout;;4;fsfw/src/fsfw/tmstorage/TmStoreFrontendIF.h;TM_STORE_FRONTEND_IF
0x2105; TMF_TmChannelFull;;5;fsfw/src/fsfw/tmstorage/TmStoreFrontendIF.h;TM_STORE_FRONTEND_IF
0x2106; TMF_NotStored;;6;fsfw/src/fsfw/tmstorage/TmStoreFrontendIF.h;TM_STORE_FRONTEND_IF
0x2107; TMF_AllDeleted;;7;fsfw/src/fsfw/tmstorage/TmStoreFrontendIF.h;TM_STORE_FRONTEND_IF
0x2108; TMF_InvalidData;;8;fsfw/src/fsfw/tmstorage/TmStoreFrontendIF.h;TM_STORE_FRONTEND_IF
0x2109; TMF_NotReady;;9;fsfw/src/fsfw/tmstorage/TmStoreFrontendIF.h;TM_STORE_FRONTEND_IF
0x2001; TMB_Busy;;1;fsfw/src/fsfw/tmstorage/TmStoreBackendIF.h;TM_STORE_BACKEND_IF
0x2002; TMB_Full;;2;fsfw/src/fsfw/tmstorage/TmStoreBackendIF.h;TM_STORE_BACKEND_IF
0x2003; TMB_Empty;;3;fsfw/src/fsfw/tmstorage/TmStoreBackendIF.h;TM_STORE_BACKEND_IF
0x2004; TMB_NullRequested;;4;fsfw/src/fsfw/tmstorage/TmStoreBackendIF.h;TM_STORE_BACKEND_IF
0x2005; TMB_TooLarge;;5;fsfw/src/fsfw/tmstorage/TmStoreBackendIF.h;TM_STORE_BACKEND_IF
0x2006; TMB_NotReady;;6;fsfw/src/fsfw/tmstorage/TmStoreBackendIF.h;TM_STORE_BACKEND_IF
0x2007; TMB_DumpError;;7;fsfw/src/fsfw/tmstorage/TmStoreBackendIF.h;TM_STORE_BACKEND_IF
0x2008; TMB_CrcError;;8;fsfw/src/fsfw/tmstorage/TmStoreBackendIF.h;TM_STORE_BACKEND_IF
0x2009; TMB_Timeout;;9;fsfw/src/fsfw/tmstorage/TmStoreBackendIF.h;TM_STORE_BACKEND_IF
0x200a; TMB_IdlePacketFound;;10;fsfw/src/fsfw/tmstorage/TmStoreBackendIF.h;TM_STORE_BACKEND_IF
0x200b; TMB_TelecommandFound;;11;fsfw/src/fsfw/tmstorage/TmStoreBackendIF.h;TM_STORE_BACKEND_IF
0x200c; TMB_NoPusATm;;12;fsfw/src/fsfw/tmstorage/TmStoreBackendIF.h;TM_STORE_BACKEND_IF
0x200d; TMB_TooSmall;;13;fsfw/src/fsfw/tmstorage/TmStoreBackendIF.h;TM_STORE_BACKEND_IF
0x200e; TMB_BlockNotFound;;14;fsfw/src/fsfw/tmstorage/TmStoreBackendIF.h;TM_STORE_BACKEND_IF
0x200f; TMB_InvalidRequest;;15;fsfw/src/fsfw/tmstorage/TmStoreBackendIF.h;TM_STORE_BACKEND_IF
0x1c01; TCD_PacketLost;;1;fsfw/src/fsfw/tcdistribution/TcDistributor.h;PACKET_DISTRIBUTION
0x1c02; TCD_DestinationNotFound;;2;fsfw/src/fsfw/tcdistribution/TcDistributor.h;PACKET_DISTRIBUTION
0x1c03; TCD_ServiceIdAlreadyExists;;3;fsfw/src/fsfw/tcdistribution/TcDistributor.h;PACKET_DISTRIBUTION
0x1b00; TCC_IllegalApid;;0;fsfw/src/fsfw/tcdistribution/TcPacketCheckPUS.h;TC_PACKET_CHECK
0x1b01; TCC_IncompletePacket;;1;fsfw/src/fsfw/tcdistribution/TcPacketCheckPUS.h;TC_PACKET_CHECK
0x1b02; TCC_IncorrectChecksum;;2;fsfw/src/fsfw/tcdistribution/TcPacketCheckPUS.h;TC_PACKET_CHECK
0x1b03; TCC_IllegalPacketType;;3;fsfw/src/fsfw/tcdistribution/TcPacketCheckPUS.h;TC_PACKET_CHECK
0x1b04; TCC_IllegalPacketSubtype;;4;fsfw/src/fsfw/tcdistribution/TcPacketCheckPUS.h;TC_PACKET_CHECK
0x1b05; TCC_IncorrectPrimaryHeader;;5;fsfw/src/fsfw/tcdistribution/TcPacketCheckPUS.h;TC_PACKET_CHECK
0x1b06; TCC_IncorrectSecondaryHeader;;6;fsfw/src/fsfw/tcdistribution/TcPacketCheckPUS.h;TC_PACKET_CHECK
0x4e1; RMP_CommandNoDescriptorsAvailable;;0xE1;fsfw/src/fsfw/rmap/RMAP.h;RMAP_CHANNEL
0x4e2; RMP_CommandBufferFull;;0xE2;fsfw/src/fsfw/rmap/RMAP.h;RMAP_CHANNEL
0x4e3; RMP_CommandChannelOutOfRange;;0xE3;fsfw/src/fsfw/rmap/RMAP.h;RMAP_CHANNEL
0x4e6; RMP_CommandChannelDeactivated;;0xE6;fsfw/src/fsfw/rmap/RMAP.h;RMAP_CHANNEL
0x4e7; RMP_CommandPortOutOfRange;;0xE7;fsfw/src/fsfw/rmap/RMAP.h;RMAP_CHANNEL
0x4e8; RMP_CommandPortInUse;;0xE8;fsfw/src/fsfw/rmap/RMAP.h;RMAP_CHANNEL
0x4e9; RMP_CommandNoChannel;;0xE9;fsfw/src/fsfw/rmap/RMAP.h;RMAP_CHANNEL
0x4ea; RMP_NoHwCrc;;0xEA;fsfw/src/fsfw/rmap/RMAP.h;RMAP_CHANNEL
0x4d0; RMP_ReplyNoReply;;0xD0;fsfw/src/fsfw/rmap/RMAP.h;RMAP_CHANNEL
0x4d1; RMP_ReplyNotSent;;0xD1;fsfw/src/fsfw/rmap/RMAP.h;RMAP_CHANNEL
0x4d2; RMP_ReplyNotYetSent;;0xD2;fsfw/src/fsfw/rmap/RMAP.h;RMAP_CHANNEL
0x4d3; RMP_ReplyMissmatch;;0xD3;fsfw/src/fsfw/rmap/RMAP.h;RMAP_CHANNEL
0x4d4; RMP_ReplyTimeout;;0xD4;fsfw/src/fsfw/rmap/RMAP.h;RMAP_CHANNEL
0x4c0; RMP_ReplyInterfaceBusy;;0xC0;fsfw/src/fsfw/rmap/RMAP.h;RMAP_CHANNEL
0x4c1; RMP_ReplyTransmissionError;;0xC1;fsfw/src/fsfw/rmap/RMAP.h;RMAP_CHANNEL
0x4c2; RMP_ReplyInvalidData;;0xC2;fsfw/src/fsfw/rmap/RMAP.h;RMAP_CHANNEL
0x4c3; RMP_ReplyNotSupported;;0xC3;fsfw/src/fsfw/rmap/RMAP.h;RMAP_CHANNEL
0x4f0; RMP_LinkDown;;0xF0;fsfw/src/fsfw/rmap/RMAP.h;RMAP_CHANNEL
0x4f1; RMP_SpwCredit;;0xF1;fsfw/src/fsfw/rmap/RMAP.h;RMAP_CHANNEL
0x4f2; RMP_SpwEscape;;0xF2;fsfw/src/fsfw/rmap/RMAP.h;RMAP_CHANNEL
0x4f3; RMP_SpwDisconnect;;0xF3;fsfw/src/fsfw/rmap/RMAP.h;RMAP_CHANNEL
0x4f4; RMP_SpwParity;;0xF4;fsfw/src/fsfw/rmap/RMAP.h;RMAP_CHANNEL
0x4f5; RMP_SpwWriteSync;;0xF5;fsfw/src/fsfw/rmap/RMAP.h;RMAP_CHANNEL
0x4f6; RMP_SpwInvalidAddress;;0xF6;fsfw/src/fsfw/rmap/RMAP.h;RMAP_CHANNEL
0x4f7; RMP_SpwEarlyEop;;0xF7;fsfw/src/fsfw/rmap/RMAP.h;RMAP_CHANNEL
0x4f8; RMP_SpwDma;;0xF8;fsfw/src/fsfw/rmap/RMAP.h;RMAP_CHANNEL
0x4f9; RMP_SpwLinkError;;0xF9;fsfw/src/fsfw/rmap/RMAP.h;RMAP_CHANNEL
0x400; RMP_ReplyOk;;0;fsfw/src/fsfw/rmap/RMAP.h;RMAP_CHANNEL
0x401; RMP_ReplyGeneralErrorCode;;1;fsfw/src/fsfw/rmap/RMAP.h;RMAP_CHANNEL
0x402; RMP_ReplyUnusedPacketTypeOrCommandCode;;2;fsfw/src/fsfw/rmap/RMAP.h;RMAP_CHANNEL
0x403; RMP_ReplyInvalidKey;;3;fsfw/src/fsfw/rmap/RMAP.h;RMAP_CHANNEL
0x404; RMP_ReplyInvalidDataCrc;;4;fsfw/src/fsfw/rmap/RMAP.h;RMAP_CHANNEL
0x405; RMP_ReplyEarlyEop;;5;fsfw/src/fsfw/rmap/RMAP.h;RMAP_CHANNEL
0x406; RMP_ReplyTooMuchData;;6;fsfw/src/fsfw/rmap/RMAP.h;RMAP_CHANNEL
0x407; RMP_ReplyEep;;7;fsfw/src/fsfw/rmap/RMAP.h;RMAP_CHANNEL
0x408; RMP_ReplyReserved;;8;fsfw/src/fsfw/rmap/RMAP.h;RMAP_CHANNEL
0x409; RMP_ReplyVerifyBufferOverrun;;9;fsfw/src/fsfw/rmap/RMAP.h;RMAP_CHANNEL
0x40a; RMP_ReplyCommandNotImplementedOrNotAuthorised;;10;fsfw/src/fsfw/rmap/RMAP.h;RMAP_CHANNEL
0x40b; RMP_ReplyRmwDataLengthError;;11;fsfw/src/fsfw/rmap/RMAP.h;RMAP_CHANNEL
0x40c; RMP_ReplyInvalidTargetLogicalAddress;;12;fsfw/src/fsfw/rmap/RMAP.h;RMAP_CHANNEL
0x2701; SM_DataTooLarge;;1;fsfw/src/fsfw/storagemanager/StorageManagerIF.h;STORAGE_MANAGER_IF
0x2702; SM_DataStorageFull;;2;fsfw/src/fsfw/storagemanager/StorageManagerIF.h;STORAGE_MANAGER_IF
0x2703; SM_IllegalStorageId;;3;fsfw/src/fsfw/storagemanager/StorageManagerIF.h;STORAGE_MANAGER_IF
0x2704; SM_DataDoesNotExist;;4;fsfw/src/fsfw/storagemanager/StorageManagerIF.h;STORAGE_MANAGER_IF
0x2705; SM_IllegalAddress;;5;fsfw/src/fsfw/storagemanager/StorageManagerIF.h;STORAGE_MANAGER_IF
0x2706; SM_PoolTooLarge;;6;fsfw/src/fsfw/storagemanager/StorageManagerIF.h;STORAGE_MANAGER_IF
0x37a1; SGP4_InvalidEccentricity;;0xA1;fsfw/src/fsfw/coordinates/Sgp4Propagator.h;SGP4PROPAGATOR_CLASS
0x37a2; SGP4_InvalidMeanMotion;;0xA2;fsfw/src/fsfw/coordinates/Sgp4Propagator.h;SGP4PROPAGATOR_CLASS
0x37a3; SGP4_InvalidPerturbationElements;;0xA3;fsfw/src/fsfw/coordinates/Sgp4Propagator.h;SGP4PROPAGATOR_CLASS
0x37a4; SGP4_InvalidSemiLatusRectum;;0xA4;fsfw/src/fsfw/coordinates/Sgp4Propagator.h;SGP4PROPAGATOR_CLASS
0x37a5; SGP4_InvalidEpochElements;;0xA5;fsfw/src/fsfw/coordinates/Sgp4Propagator.h;SGP4PROPAGATOR_CLASS
0x37a6; SGP4_SatelliteHasDecayed;;0xA6;fsfw/src/fsfw/coordinates/Sgp4Propagator.h;SGP4PROPAGATOR_CLASS
0x37b1; SGP4_TleTooOld;;0xB1;fsfw/src/fsfw/coordinates/Sgp4Propagator.h;SGP4PROPAGATOR_CLASS
0x37b2; SGP4_TleNotInitialized;;0xB2;fsfw/src/fsfw/coordinates/Sgp4Propagator.h;SGP4PROPAGATOR_CLASS
0x2301; MT_TooDetailedRequest;;1;fsfw/src/fsfw/globalfunctions/matching/MatchTree.h;MATCH_TREE_CLASS
0x2302; MT_TooGeneralRequest;;2;fsfw/src/fsfw/globalfunctions/matching/MatchTree.h;MATCH_TREE_CLASS
0x2303; MT_NoMatch;;3;fsfw/src/fsfw/globalfunctions/matching/MatchTree.h;MATCH_TREE_CLASS
0x2304; MT_Full;;4;fsfw/src/fsfw/globalfunctions/matching/MatchTree.h;MATCH_TREE_CLASS
0x2305; MT_NewNodeCreated;;5;fsfw/src/fsfw/globalfunctions/matching/MatchTree.h;MATCH_TREE_CLASS
0x3e01; DLEE_StreamTooShort;;0x01;fsfw/src/fsfw/globalfunctions/DleEncoder.h;DLE_ENCODER
0x3e02; DLEE_DecodingError;;0x02;fsfw/src/fsfw/globalfunctions/DleEncoder.h;DLE_ENCODER
0x2e01; ASC_TooLongForTargetType;;1;fsfw/src/fsfw/globalfunctions/AsciiConverter.h;ASCII_CONVERTER
0x2e02; ASC_InvalidCharacters;;2;fsfw/src/fsfw/globalfunctions/AsciiConverter.h;ASCII_CONVERTER
0x2e03; ASC_BufferTooSmall;;0x3;fsfw/src/fsfw/globalfunctions/AsciiConverter.h;ASCII_CONVERTER
0xf01; CM_UnknownCommand;;1;fsfw/src/fsfw/ipc/CommandMessageIF.h;COMMAND_MESSAGE
0x3901; MQI_Empty;;1;fsfw/src/fsfw/ipc/MessageQueueIF.h;MESSAGE_QUEUE_IF
0x3902; MQI_Full;No space left for more messages;2;fsfw/src/fsfw/ipc/MessageQueueIF.h;MESSAGE_QUEUE_IF
0x3903; MQI_NoReplyPartner;Returned if a reply method was called without partner;3;fsfw/src/fsfw/ipc/MessageQueueIF.h;MESSAGE_QUEUE_IF
0x3904; MQI_DestinationInvalid;Returned if the target destination is invalid.;4;fsfw/src/fsfw/ipc/MessageQueueIF.h;MESSAGE_QUEUE_IF
0x3801; MUX_NotEnoughResources;;1;fsfw/src/fsfw/ipc/MutexIF.h;MUTEX_IF
0x3802; MUX_InsufficientMemory;;2;fsfw/src/fsfw/ipc/MutexIF.h;MUTEX_IF
0x3803; MUX_NoPrivilege;;3;fsfw/src/fsfw/ipc/MutexIF.h;MUTEX_IF
0x3804; MUX_WrongAttributeSetting;;4;fsfw/src/fsfw/ipc/MutexIF.h;MUTEX_IF
0x3805; MUX_MutexAlreadyLocked;;5;fsfw/src/fsfw/ipc/MutexIF.h;MUTEX_IF
0x3806; MUX_MutexNotFound;;6;fsfw/src/fsfw/ipc/MutexIF.h;MUTEX_IF
0x3807; MUX_MutexMaxLocks;;7;fsfw/src/fsfw/ipc/MutexIF.h;MUTEX_IF
0x3808; MUX_CurrThreadAlreadyOwnsMutex;;8;fsfw/src/fsfw/ipc/MutexIF.h;MUTEX_IF
0x3809; MUX_CurrThreadDoesNotOwnMutex;;9;fsfw/src/fsfw/ipc/MutexIF.h;MUTEX_IF
0x380a; MUX_MutexTimeout;;10;fsfw/src/fsfw/ipc/MutexIF.h;MUTEX_IF
0x380b; MUX_MutexInvalidId;;11;fsfw/src/fsfw/ipc/MutexIF.h;MUTEX_IF
0x380c; MUX_MutexDestroyedWhileWaiting;;12;fsfw/src/fsfw/ipc/MutexIF.h;MUTEX_IF
0x3a01; SPH_SemaphoreTimeout;;1;fsfw/src/fsfw/tasks/SemaphoreIF.h;SEMAPHORE_IF
0x3a02; SPH_SemaphoreNotOwned;;2;fsfw/src/fsfw/tasks/SemaphoreIF.h;SEMAPHORE_IF
0x3a03; SPH_SemaphoreInvalid;;3;fsfw/src/fsfw/tasks/SemaphoreIF.h;SEMAPHORE_IF
0x3501; CFDP_InvalidTlvType;;1;fsfw/src/fsfw/cfdp/definitions.h;CFDP
0x3502; CFDP_InvalidDirectiveFields;;2;fsfw/src/fsfw/cfdp/definitions.h;CFDP
0x3503; CFDP_InvalidPduDatafieldLen;;3;fsfw/src/fsfw/cfdp/definitions.h;CFDP
0x3504; CFDP_InvalidAckDirectiveFields;;4;fsfw/src/fsfw/cfdp/definitions.h;CFDP
0x3505; CFDP_MetadataCantParseOptions;;5;fsfw/src/fsfw/cfdp/definitions.h;CFDP
0x3506; CFDP_FinishedCantParseFsResponses;;6;fsfw/src/fsfw/cfdp/definitions.h;CFDP
0x3508; CFDP_FilestoreRequiresSecondFile;;8;fsfw/src/fsfw/cfdp/definitions.h;CFDP
0x3509; CFDP_FilestoreResponseCantParseFsMessage;;9;fsfw/src/fsfw/cfdp/definitions.h;CFDP
0x2801; TC_InvalidTargetState;;1;fsfw/src/fsfw/thermal/ThermalComponentIF.h;THERMAL_COMPONENT_IF
0x28f1; TC_AboveOperationalLimit;;0xF1;fsfw/src/fsfw/thermal/ThermalComponentIF.h;THERMAL_COMPONENT_IF
0x28f2; TC_BelowOperationalLimit;;0xF2;fsfw/src/fsfw/thermal/ThermalComponentIF.h;THERMAL_COMPONENT_IF
0xc02; MS_InvalidEntry;;0x02;fsfw/src/fsfw/subsystem/modes/ModeStoreIF.h;MODE_STORE_IF
0xc03; MS_TooManyElements;;0x03;fsfw/src/fsfw/subsystem/modes/ModeStoreIF.h;MODE_STORE_IF
0xc04; MS_CantStoreEmpty;;0x04;fsfw/src/fsfw/subsystem/modes/ModeStoreIF.h;MODE_STORE_IF
0xd01; SS_SequenceAlreadyExists;;0x01;fsfw/src/fsfw/subsystem/Subsystem.h;SUBSYSTEM
0xd02; SS_TableAlreadyExists;;0x02;fsfw/src/fsfw/subsystem/Subsystem.h;SUBSYSTEM
0xd03; SS_TableDoesNotExist;;0x03;fsfw/src/fsfw/subsystem/Subsystem.h;SUBSYSTEM
0xd04; SS_TableOrSequenceLengthInvalid;;0x04;fsfw/src/fsfw/subsystem/Subsystem.h;SUBSYSTEM
0xd05; SS_SequenceDoesNotExist;;0x05;fsfw/src/fsfw/subsystem/Subsystem.h;SUBSYSTEM
0xd06; SS_TableContainsInvalidObjectId;;0x06;fsfw/src/fsfw/subsystem/Subsystem.h;SUBSYSTEM
0xd07; SS_FallbackSequenceDoesNotExist;;0x07;fsfw/src/fsfw/subsystem/Subsystem.h;SUBSYSTEM
0xd08; SS_NoTargetTable;;0x08;fsfw/src/fsfw/subsystem/Subsystem.h;SUBSYSTEM
0xd09; SS_SequenceOrTableTooLong;;0x09;fsfw/src/fsfw/subsystem/Subsystem.h;SUBSYSTEM
0xd0b; SS_IsFallbackSequence;;0x0B;fsfw/src/fsfw/subsystem/Subsystem.h;SUBSYSTEM
0xd0c; SS_AccessDenied;;0x0C;fsfw/src/fsfw/subsystem/Subsystem.h;SUBSYSTEM
0xd0e; SS_TableInUse;;0x0E;fsfw/src/fsfw/subsystem/Subsystem.h;SUBSYSTEM
0xda1; SS_TargetTableNotReached;;0xA1;fsfw/src/fsfw/subsystem/Subsystem.h;SUBSYSTEM
0xda2; SS_TableCheckFailed;;0xA2;fsfw/src/fsfw/subsystem/Subsystem.h;SUBSYSTEM
0xb01; SB_ChildNotFound;;0x01;fsfw/src/fsfw/subsystem/SubsystemBase.h;SUBSYSTEM_BASE
0xb02; SB_ChildInfoUpdated;;0x02;fsfw/src/fsfw/subsystem/SubsystemBase.h;SUBSYSTEM_BASE
0xb03; SB_ChildDoesntHaveModes;;0x03;fsfw/src/fsfw/subsystem/SubsystemBase.h;SUBSYSTEM_BASE
0xb04; SB_CouldNotInsertChild;;0x04;fsfw/src/fsfw/subsystem/SubsystemBase.h;SUBSYSTEM_BASE
0xb05; SB_TableContainsInvalidObjectId;;0x05;fsfw/src/fsfw/subsystem/SubsystemBase.h;SUBSYSTEM_BASE
0x3d00; HKM_QueueOrDestinationInvalid;;0;fsfw/src/fsfw/datapoollocal/LocalDataPoolManager.h;HOUSEKEEPING_MANAGER
0x3d01; HKM_WrongHkPacketType;;1;fsfw/src/fsfw/datapoollocal/LocalDataPoolManager.h;HOUSEKEEPING_MANAGER
0x3d02; HKM_ReportingStatusUnchanged;;2;fsfw/src/fsfw/datapoollocal/LocalDataPoolManager.h;HOUSEKEEPING_MANAGER
0x3d03; HKM_PeriodicHelperInvalid;;3;fsfw/src/fsfw/datapoollocal/LocalDataPoolManager.h;HOUSEKEEPING_MANAGER
0x3d04; HKM_PoolobjectNotFound;;4;fsfw/src/fsfw/datapoollocal/LocalDataPoolManager.h;HOUSEKEEPING_MANAGER
0x3d05; HKM_DatasetNotFound;;5;fsfw/src/fsfw/datapoollocal/LocalDataPoolManager.h;HOUSEKEEPING_MANAGER
0x3b00; LPIF_PoolEntryNotFound;;0x00;fsfw/src/fsfw/datapoollocal/localPoolDefinitions.h;LOCAL_POOL_OWNER_IF
0x3b01; LPIF_PoolEntryTypeConflict;;0x01;fsfw/src/fsfw/datapoollocal/localPoolDefinitions.h;LOCAL_POOL_OWNER_IF
0x3ca0; PVA_InvalidReadWriteMode;;0xA0;fsfw/src/fsfw/datapool/PoolVariableIF.h;POOL_VARIABLE_IF
0x3ca1; PVA_InvalidPoolEntry;;0xA1;fsfw/src/fsfw/datapool/PoolVariableIF.h;POOL_VARIABLE_IF
0x801; DPS_InvalidParameterDefinition;;1;fsfw/src/fsfw/datapool/DataSetIF.h;DATA_SET_CLASS
0x802; DPS_SetWasAlreadyRead;;2;fsfw/src/fsfw/datapool/DataSetIF.h;DATA_SET_CLASS
0x803; DPS_CommitingWithoutReading;;3;fsfw/src/fsfw/datapool/DataSetIF.h;DATA_SET_CLASS
0x804; DPS_DataSetUninitialised;;4;fsfw/src/fsfw/datapool/DataSetIF.h;DATA_SET_CLASS
0x805; DPS_DataSetFull;;5;fsfw/src/fsfw/datapool/DataSetIF.h;DATA_SET_CLASS
0x806; DPS_PoolVarNull;;6;fsfw/src/fsfw/datapool/DataSetIF.h;DATA_SET_CLASS
0x1000; TIM_UnsupportedTimeFormat;;0;fsfw/src/fsfw/timemanager/CCSDSTime.h;CCSDS_TIME_HELPER_CLASS
0x1001; TIM_NotEnoughInformationForTargetFormat;;1;fsfw/src/fsfw/timemanager/CCSDSTime.h;CCSDS_TIME_HELPER_CLASS
0x1002; TIM_LengthMismatch;;2;fsfw/src/fsfw/timemanager/CCSDSTime.h;CCSDS_TIME_HELPER_CLASS
0x1003; TIM_InvalidTimeFormat;;3;fsfw/src/fsfw/timemanager/CCSDSTime.h;CCSDS_TIME_HELPER_CLASS
0x1004; TIM_InvalidDayOfYear;;4;fsfw/src/fsfw/timemanager/CCSDSTime.h;CCSDS_TIME_HELPER_CLASS
0x1005; TIM_TimeDoesNotFitFormat;;5;fsfw/src/fsfw/timemanager/CCSDSTime.h;CCSDS_TIME_HELPER_CLASS
0x3601; TSI_BadTimestamp;;1;fsfw/src/fsfw/timemanager/TimeStamperIF.h;TIME_STAMPER_IF
0x1d01; PUS_ActivityStarted;;1;fsfw/src/fsfw/tmtcservices/AcceptsTelecommandsIF.h;ACCEPTS_TELECOMMANDS_IF
0x1d02; PUS_InvalidSubservice;;2;fsfw/src/fsfw/tmtcservices/AcceptsTelecommandsIF.h;ACCEPTS_TELECOMMANDS_IF
0x1d03; PUS_IllegalApplicationData;;3;fsfw/src/fsfw/tmtcservices/AcceptsTelecommandsIF.h;ACCEPTS_TELECOMMANDS_IF
0x1d04; PUS_SendTmFailed;;4;fsfw/src/fsfw/tmtcservices/AcceptsTelecommandsIF.h;ACCEPTS_TELECOMMANDS_IF
0x1d05; PUS_Timeout;;5;fsfw/src/fsfw/tmtcservices/AcceptsTelecommandsIF.h;ACCEPTS_TELECOMMANDS_IF
0x4b00; SPPA_NoPacketFound;;0x00;fsfw/src/fsfw/tmtcservices/SpacePacketParser.h;SPACE_PACKET_PARSER
0x4b01; SPPA_SplitPacket;;0x01;fsfw/src/fsfw/tmtcservices/SpacePacketParser.h;SPACE_PACKET_PARSER
0x1f01; CSB_ExecutionComplete;;1;fsfw/src/fsfw/tmtcservices/CommandingServiceBase.h;COMMAND_SERVICE_BASE
0x1f02; CSB_NoStepMessage;;2;fsfw/src/fsfw/tmtcservices/CommandingServiceBase.h;COMMAND_SERVICE_BASE
0x1f03; CSB_ObjectBusy;;3;fsfw/src/fsfw/tmtcservices/CommandingServiceBase.h;COMMAND_SERVICE_BASE
0x1f04; CSB_Busy;;4;fsfw/src/fsfw/tmtcservices/CommandingServiceBase.h;COMMAND_SERVICE_BASE
0x1f05; CSB_InvalidTc;;5;fsfw/src/fsfw/tmtcservices/CommandingServiceBase.h;COMMAND_SERVICE_BASE
0x1f06; CSB_InvalidObject;;6;fsfw/src/fsfw/tmtcservices/CommandingServiceBase.h;COMMAND_SERVICE_BASE
0x1f07; CSB_InvalidReply;;7;fsfw/src/fsfw/tmtcservices/CommandingServiceBase.h;COMMAND_SERVICE_BASE
0x1101; AL_Full;;0x01;fsfw/src/fsfw/container/ArrayList.h;ARRAY_LIST
0x1801; FF_Full;;1;fsfw/src/fsfw/container/FIFOBase.h;FIFO_CLASS
0x1802; FF_Empty;;2;fsfw/src/fsfw/container/FIFOBase.h;FIFO_CLASS
0x1601; FMM_MapFull;;0x01;fsfw/src/fsfw/container/FixedOrderedMultimap.h;FIXED_MULTIMAP
0x1602; FMM_KeyDoesNotExist;;0x02;fsfw/src/fsfw/container/FixedOrderedMultimap.h;FIXED_MULTIMAP
0x1501; FM_KeyAlreadyExists;;0x01;fsfw/src/fsfw/container/FixedMap.h;FIXED_MAP
0x1502; FM_MapFull;;0x02;fsfw/src/fsfw/container/FixedMap.h;FIXED_MAP
0x1503; FM_KeyDoesNotExist;;0x03;fsfw/src/fsfw/container/FixedMap.h;FIXED_MAP
0x2401; EV_ListenerNotFound;;1;fsfw/src/fsfw/events/EventManagerIF.h;EVENT_MANAGER_IF
0x1701; HHI_ObjectNotHealthy;;1;fsfw/src/fsfw/health/HasHealthIF.h;HAS_HEALTH_IF
0x1702; HHI_InvalidHealthState;;2;fsfw/src/fsfw/health/HasHealthIF.h;HAS_HEALTH_IF
0x2f01; POS_InPowerTransition;;1;fsfw/src/fsfw/power/PowerSwitcher.h;POWER_SWITCHER
0x2f02; POS_SwitchStateMismatch;;2;fsfw/src/fsfw/power/PowerSwitcher.h;POWER_SWITCHER
0x501; PS_SwitchOn;;1;fsfw/src/fsfw/power/PowerSwitchIF.h;POWER_SWITCH_IF
0x500; PS_SwitchOff;;0;fsfw/src/fsfw/power/PowerSwitchIF.h;POWER_SWITCH_IF
0x502; PS_SwitchTimeout;;2;fsfw/src/fsfw/power/PowerSwitchIF.h;POWER_SWITCH_IF
0x503; PS_FuseOn;;3;fsfw/src/fsfw/power/PowerSwitchIF.h;POWER_SWITCH_IF
0x504; PS_FuseOff;;4;fsfw/src/fsfw/power/PowerSwitchIF.h;POWER_SWITCH_IF
0x1a01; TRC_NotEnoughSensors;;1;fsfw/src/fsfw/monitoring/TriplexMonitor.h;TRIPLE_REDUNDACY_CHECK
0x1a02; TRC_LowestValueOol;;2;fsfw/src/fsfw/monitoring/TriplexMonitor.h;TRIPLE_REDUNDACY_CHECK
0x1a03; TRC_HighestValueOol;;3;fsfw/src/fsfw/monitoring/TriplexMonitor.h;TRIPLE_REDUNDACY_CHECK
0x1a04; TRC_BothValuesOol;;4;fsfw/src/fsfw/monitoring/TriplexMonitor.h;TRIPLE_REDUNDACY_CHECK
0x1a05; TRC_DuplexOol;;5;fsfw/src/fsfw/monitoring/TriplexMonitor.h;TRIPLE_REDUNDACY_CHECK
0x3001; LIM_Unchecked;;1;fsfw/src/fsfw/monitoring/MonitoringIF.h;LIMITS_IF
0x3002; LIM_Invalid;;2;fsfw/src/fsfw/monitoring/MonitoringIF.h;LIMITS_IF
0x3003; LIM_Unselected;;3;fsfw/src/fsfw/monitoring/MonitoringIF.h;LIMITS_IF
0x3004; LIM_BelowLowLimit;;4;fsfw/src/fsfw/monitoring/MonitoringIF.h;LIMITS_IF
0x3005; LIM_AboveHighLimit;;5;fsfw/src/fsfw/monitoring/MonitoringIF.h;LIMITS_IF
0x3006; LIM_UnexpectedValue;;6;fsfw/src/fsfw/monitoring/MonitoringIF.h;LIMITS_IF
0x3007; LIM_OutOfRange;;7;fsfw/src/fsfw/monitoring/MonitoringIF.h;LIMITS_IF
0x30a0; LIM_FirstSample;;0xA0;fsfw/src/fsfw/monitoring/MonitoringIF.h;LIMITS_IF
0x30e0; LIM_InvalidSize;;0xE0;fsfw/src/fsfw/monitoring/MonitoringIF.h;LIMITS_IF
0x30e1; LIM_WrongType;;0xE1;fsfw/src/fsfw/monitoring/MonitoringIF.h;LIMITS_IF
0x30e2; LIM_WrongPid;;0xE2;fsfw/src/fsfw/monitoring/MonitoringIF.h;LIMITS_IF
0x30e3; LIM_WrongLimitId;;0xE3;fsfw/src/fsfw/monitoring/MonitoringIF.h;LIMITS_IF
0x30ee; LIM_MonitorNotFound;;0xEE;fsfw/src/fsfw/monitoring/MonitoringIF.h;LIMITS_IF
0x4101; PUS11_InvalidTypeTimeWindow;;1;fsfw/src/fsfw/pus/Service11TelecommandScheduling.h;PUS_SERVICE_11
0x4102; PUS11_TimeshiftingNotPossible;;2;fsfw/src/fsfw/pus/Service11TelecommandScheduling.h;PUS_SERVICE_11
0x4103; PUS11_InvalidRelativeTime;;3;fsfw/src/fsfw/pus/Service11TelecommandScheduling.h;PUS_SERVICE_11
0x4200; FILS_GenericFileError;;0;fsfw/src/fsfw/memory/HasFileSystemIF.h;FILE_SYSTEM
0x4201; FILS_IsBusy;;1;fsfw/src/fsfw/memory/HasFileSystemIF.h;FILE_SYSTEM
0x4202; FILS_InvalidParameters;;2;fsfw/src/fsfw/memory/HasFileSystemIF.h;FILE_SYSTEM
0x4205; FILS_FileDoesNotExist;;5;fsfw/src/fsfw/memory/HasFileSystemIF.h;FILE_SYSTEM
0x4206; FILS_FileAlreadyExists;;6;fsfw/src/fsfw/memory/HasFileSystemIF.h;FILE_SYSTEM
0x4207; FILS_FileLocked;;7;fsfw/src/fsfw/memory/HasFileSystemIF.h;FILE_SYSTEM
0x420a; FILS_DirectoryDoesNotExist;;10;fsfw/src/fsfw/memory/HasFileSystemIF.h;FILE_SYSTEM
0x420b; FILS_DirectoryAlreadyExists;;11;fsfw/src/fsfw/memory/HasFileSystemIF.h;FILE_SYSTEM
0x420c; FILS_DirectoryNotEmpty;;12;fsfw/src/fsfw/memory/HasFileSystemIF.h;FILE_SYSTEM
0x420f; FILS_SequencePacketMissingWrite;;15;fsfw/src/fsfw/memory/HasFileSystemIF.h;FILE_SYSTEM
0x4210; FILS_SequencePacketMissingRead;;16;fsfw/src/fsfw/memory/HasFileSystemIF.h;FILE_SYSTEM
0x601; PP_DoItMyself;;1;fsfw/src/fsfw/memory/HasMemoryIF.h;HAS_MEMORY_IF
0x602; PP_PointsToVariable;;2;fsfw/src/fsfw/memory/HasMemoryIF.h;HAS_MEMORY_IF
0x603; PP_PointsToMemory;;3;fsfw/src/fsfw/memory/HasMemoryIF.h;HAS_MEMORY_IF
0x604; PP_ActivityCompleted;;4;fsfw/src/fsfw/memory/HasMemoryIF.h;HAS_MEMORY_IF
0x605; PP_PointsToVectorUint8;;5;fsfw/src/fsfw/memory/HasMemoryIF.h;HAS_MEMORY_IF
0x606; PP_PointsToVectorUint16;;6;fsfw/src/fsfw/memory/HasMemoryIF.h;HAS_MEMORY_IF
0x607; PP_PointsToVectorUint32;;7;fsfw/src/fsfw/memory/HasMemoryIF.h;HAS_MEMORY_IF
0x608; PP_PointsToVectorFloat;;8;fsfw/src/fsfw/memory/HasMemoryIF.h;HAS_MEMORY_IF
0x6a0; PP_DumpNotSupported;;0xA0;fsfw/src/fsfw/memory/HasMemoryIF.h;HAS_MEMORY_IF
0x6e0; PP_InvalidSize;;0xE0;fsfw/src/fsfw/memory/HasMemoryIF.h;HAS_MEMORY_IF
0x6e1; PP_InvalidAddress;;0xE1;fsfw/src/fsfw/memory/HasMemoryIF.h;HAS_MEMORY_IF
0x6e2; PP_InvalidContent;;0xE2;fsfw/src/fsfw/memory/HasMemoryIF.h;HAS_MEMORY_IF
0x6e3; PP_UnalignedAccess;;0xE3;fsfw/src/fsfw/memory/HasMemoryIF.h;HAS_MEMORY_IF
0x6e4; PP_WriteProtected;;0xE4;fsfw/src/fsfw/memory/HasMemoryIF.h;HAS_MEMORY_IF
0x13e0; MH_UnknownCmd;;0xE0;fsfw/src/fsfw/memory/MemoryHelper.h;MEMORY_HELPER
0x13e1; MH_InvalidAddress;;0xE1;fsfw/src/fsfw/memory/MemoryHelper.h;MEMORY_HELPER
0x13e2; MH_InvalidSize;;0xE2;fsfw/src/fsfw/memory/MemoryHelper.h;MEMORY_HELPER
0x13e3; MH_StateMismatch;;0xE3;fsfw/src/fsfw/memory/MemoryHelper.h;MEMORY_HELPER
0x1201; AB_NeedSecondStep;;0x01;fsfw/src/fsfw/devicehandlers/AssemblyBase.h;ASSEMBLY_BASE
0x1202; AB_NeedToReconfigure;;0x02;fsfw/src/fsfw/devicehandlers/AssemblyBase.h;ASSEMBLY_BASE
0x1203; AB_ModeFallback;;0x03;fsfw/src/fsfw/devicehandlers/AssemblyBase.h;ASSEMBLY_BASE
0x1204; AB_ChildNotCommandable;;0x04;fsfw/src/fsfw/devicehandlers/AssemblyBase.h;ASSEMBLY_BASE
0x1205; AB_NeedToChangeHealth;;0x05;fsfw/src/fsfw/devicehandlers/AssemblyBase.h;ASSEMBLY_BASE
0x12a1; AB_NotEnoughChildrenInCorrectState;;0xa1;fsfw/src/fsfw/devicehandlers/AssemblyBase.h;ASSEMBLY_BASE
0x3a0; DHB_InvalidChannel;;0xA0;fsfw/src/fsfw/devicehandlers/DeviceHandlerBase.h;DEVICE_HANDLER_BASE
0x3b0; DHB_AperiodicReply;;0xB0;fsfw/src/fsfw/devicehandlers/DeviceHandlerBase.h;DEVICE_HANDLER_BASE
0x3b1; DHB_IgnoreReplyData;;0xB1;fsfw/src/fsfw/devicehandlers/DeviceHandlerBase.h;DEVICE_HANDLER_BASE
0x3b2; DHB_IgnoreFullPacket;;0xB2;fsfw/src/fsfw/devicehandlers/DeviceHandlerBase.h;DEVICE_HANDLER_BASE
0x3c0; DHB_NothingToSend;;0xC0;fsfw/src/fsfw/devicehandlers/DeviceHandlerBase.h;DEVICE_HANDLER_BASE
0x3c2; DHB_CommandMapError;;0xC2;fsfw/src/fsfw/devicehandlers/DeviceHandlerBase.h;DEVICE_HANDLER_BASE
0x3d0; DHB_NoSwitch;;0xD0;fsfw/src/fsfw/devicehandlers/DeviceHandlerBase.h;DEVICE_HANDLER_BASE
0x3e0; DHB_ChildTimeout;;0xE0;fsfw/src/fsfw/devicehandlers/DeviceHandlerBase.h;DEVICE_HANDLER_BASE
0x3e1; DHB_SwitchFailed;;0xE1;fsfw/src/fsfw/devicehandlers/DeviceHandlerBase.h;DEVICE_HANDLER_BASE
0x3301; DC_NoReplyReceived;;0x01;fsfw/src/fsfw/devicehandlers/DeviceCommunicationIF.h;DEVICE_COMMUNICATION_IF
0x3302; DC_ProtocolError;;0x02;fsfw/src/fsfw/devicehandlers/DeviceCommunicationIF.h;DEVICE_COMMUNICATION_IF
0x3303; DC_Nullpointer;;0x03;fsfw/src/fsfw/devicehandlers/DeviceCommunicationIF.h;DEVICE_COMMUNICATION_IF
0x3304; DC_InvalidCookieType;;0x04;fsfw/src/fsfw/devicehandlers/DeviceCommunicationIF.h;DEVICE_COMMUNICATION_IF
0x3305; DC_NotActive;;0x05;fsfw/src/fsfw/devicehandlers/DeviceCommunicationIF.h;DEVICE_COMMUNICATION_IF
0x3306; DC_TooMuchData;;0x06;fsfw/src/fsfw/devicehandlers/DeviceCommunicationIF.h;DEVICE_COMMUNICATION_IF
0x26a0; DHI_NoCommandData;;0xA0;fsfw/src/fsfw/devicehandlers/DeviceHandlerIF.h;DEVICE_HANDLER_IF
0x26a1; DHI_CommandNotSupported;;0xA1;fsfw/src/fsfw/devicehandlers/DeviceHandlerIF.h;DEVICE_HANDLER_IF
0x26a2; DHI_CommandAlreadySent;;0xA2;fsfw/src/fsfw/devicehandlers/DeviceHandlerIF.h;DEVICE_HANDLER_IF
0x26a3; DHI_CommandWasNotSent;;0xA3;fsfw/src/fsfw/devicehandlers/DeviceHandlerIF.h;DEVICE_HANDLER_IF
0x26a4; DHI_CantSwitchAddress;;0xA4;fsfw/src/fsfw/devicehandlers/DeviceHandlerIF.h;DEVICE_HANDLER_IF
0x26a5; DHI_WrongModeForCommand;;0xA5;fsfw/src/fsfw/devicehandlers/DeviceHandlerIF.h;DEVICE_HANDLER_IF
0x26a6; DHI_Timeout;;0xA6;fsfw/src/fsfw/devicehandlers/DeviceHandlerIF.h;DEVICE_HANDLER_IF
0x26a7; DHI_Busy;;0xA7;fsfw/src/fsfw/devicehandlers/DeviceHandlerIF.h;DEVICE_HANDLER_IF
0x26a8; DHI_NoReplyExpected;;0xA8;fsfw/src/fsfw/devicehandlers/DeviceHandlerIF.h;DEVICE_HANDLER_IF
0x26a9; DHI_NonOpTemperature;;0xA9;fsfw/src/fsfw/devicehandlers/DeviceHandlerIF.h;DEVICE_HANDLER_IF
0x26aa; DHI_CommandNotImplemented;;0xAA;fsfw/src/fsfw/devicehandlers/DeviceHandlerIF.h;DEVICE_HANDLER_IF
0x26b0; DHI_ChecksumError;;0xB0;fsfw/src/fsfw/devicehandlers/DeviceHandlerIF.h;DEVICE_HANDLER_IF
0x26b1; DHI_LengthMissmatch;;0xB1;fsfw/src/fsfw/devicehandlers/DeviceHandlerIF.h;DEVICE_HANDLER_IF
0x26b2; DHI_InvalidData;;0xB2;fsfw/src/fsfw/devicehandlers/DeviceHandlerIF.h;DEVICE_HANDLER_IF
0x26b3; DHI_ProtocolError;;0xB3;fsfw/src/fsfw/devicehandlers/DeviceHandlerIF.h;DEVICE_HANDLER_IF
0x26c0; DHI_DeviceDidNotExecute;;0xC0;fsfw/src/fsfw/devicehandlers/DeviceHandlerIF.h;DEVICE_HANDLER_IF
0x26c1; DHI_DeviceReportedError;;0xC1;fsfw/src/fsfw/devicehandlers/DeviceHandlerIF.h;DEVICE_HANDLER_IF
0x26c2; DHI_UnknownDeviceReply;;0xC2;fsfw/src/fsfw/devicehandlers/DeviceHandlerIF.h;DEVICE_HANDLER_IF
0x26c3; DHI_DeviceReplyInvalid;;0xC3;fsfw/src/fsfw/devicehandlers/DeviceHandlerIF.h;DEVICE_HANDLER_IF
0x26d0; DHI_InvalidCommandParameter;;0xD0;fsfw/src/fsfw/devicehandlers/DeviceHandlerIF.h;DEVICE_HANDLER_IF
0x26d1; DHI_InvalidNumberOrLengthOfParameters;;0xD1;fsfw/src/fsfw/devicehandlers/DeviceHandlerIF.h;DEVICE_HANDLER_IF
0x1401; SE_BufferTooShort;;1;fsfw/src/fsfw/serialize/SerializeIF.h;SERIALIZE_IF
0x1402; SE_StreamTooShort;;2;fsfw/src/fsfw/serialize/SerializeIF.h;SERIALIZE_IF
0x1403; SE_TooManyElements;;3;fsfw/src/fsfw/serialize/SerializeIF.h;SERIALIZE_IF
